Time,Frame,Mode,Count,Reason
12:42:04,1,YOLO,9,Sparse crowd
12:42:04,2,YOLO,10,Sparse crowd
12:42:04,3,YOLO,8,Sparse crowd
12:42:04,4,YOLO,7,Sparse crowd
12:42:04,5,YOLO,11,Sparse crowd
12:42:04,6,YOLO,12,Sparse crowd
12:42:04,7,YOLO,14,Sparse crowd
12:42:04,8,YOLO,18,Sparse crowd
12:42:04,9,YOLO,12,Sparse crowd
12:42:04,10,YOLO,21,Sparse crowd
12:42:04,11,YOLO,20,Sparse crowd
12:42:04,12,YOLO,23,Sparse crowd
12:42:04,13,YOLO,18,Sparse crowd
12:42:04,14,YOLO,20,Sparse crowd
12:42:04,15,YOLO,16,Sparse crowd
12:42:04,16,YOLO,14,Sparse crowd
12:42:04,17,YOLO,10,Sparse crowd
12:42:04,18,YOLO,9,Sparse crowd
12:42:04,19,YOLO,9,Sparse crowd
12:42:04,20,YOLO,12,Sparse crowd
12:42:04,21,YOLO,17,Sparse crowd
12:42:04,22,YOLO,19,Sparse crowd
12:42:04,23,YOLO,21,Sparse crowd
12:42:04,24,YOLO,20,Sparse crowd
12:42:04,25,YOLO,16,Sparse crowd
12:42:04,26,YOLO,17,Sparse crowd
12:42:04,27,YOLO,18,Sparse crowd
12:42:04,28,YOLO,19,Sparse crowd
12:42:04,29,YOLO,20,Sparse crowd
12:42:04,30,YOLO,14,Sparse crowd
12:42:04,31,YOLO,18,Sparse crowd
12:42:05,32,YOLO,17,Sparse crowd
12:42:05,33,YOLO,14,Sparse crowd
12:42:05,34,YOLO,12,Sparse crowd
12:42:05,35,YOLO,13,Sparse crowd
12:42:05,36,YOLO,16,Sparse crowd
12:42:05,37,YOLO,17,Sparse crowd
12:42:05,38,YOLO,20,Sparse crowd
12:42:05,39,YOLO,17,Sparse crowd
12:42:05,40,YOLO,14,Sparse crowd
12:42:05,41,YOLO,13,Sparse crowd
12:42:05,42,YOLO,23,Sparse crowd
12:42:05,43,YOLO,27,Sparse crowd
12:42:05,44,YOLO,29,Sparse crowd
12:42:05,45,YOLO,28,Sparse crowd
12:42:05,46,YOLO,26,Sparse crowd
12:42:05,47,YOLO,23,Sparse crowd
12:42:05,48,YOLO,23,Sparse crowd
12:42:05,49,YOLO,19,Sparse crowd
12:42:05,50,YOLO,22,Sparse crowd
12:42:05,51,YOLO,20,Sparse crowd
12:42:05,52,YOLO,20,Sparse crowd
12:42:05,53,YOLO,20,Sparse crowd
12:42:05,54,YOLO,17,Sparse crowd
12:42:05,55,YOLO,18,Sparse crowd
12:42:05,56,YOLO,18,Sparse crowd
12:42:05,57,YOLO,15,Sparse crowd
12:42:05,58,YOLO,14,Sparse crowd
12:42:05,59,YOLO,19,Sparse crowd
12:42:05,60,YOLO,19,Sparse crowd
12:42:05,61,YOLO,18,Sparse crowd
12:42:05,62,YOLO,18,Sparse crowd
12:42:05,63,YOLO,19,Sparse crowd
12:42:05,64,YOLO,20,Sparse crowd
12:42:05,65,YOLO,21,Sparse crowd
12:42:05,66,YOLO,23,Sparse crowd
12:42:05,67,YOLO,21,Sparse crowd
12:42:05,68,YOLO,20,Sparse crowd
12:42:05,69,YOLO,18,Sparse crowd
12:42:05,70,YOLO,15,Sparse crowd
12:42:05,71,YOLO,18,Sparse crowd
12:42:05,72,YOLO,19,Sparse crowd
12:42:05,73,YOLO,15,Sparse crowd
12:42:05,74,YOLO,17,Sparse crowd
12:42:05,75,YOLO,20,Sparse crowd
12:42:05,76,YOLO,17,Sparse crowd
12:42:05,77,YOLO,11,Sparse crowd
12:42:05,78,YOLO,13,Sparse crowd
12:42:06,79,YOLO,13,Sparse crowd
12:42:06,80,YOLO,12,Sparse crowd
12:42:06,81,YOLO,12,Sparse crowd
12:42:06,82,YOLO,12,Sparse crowd
12:42:06,83,YOLO,12,Sparse crowd
12:42:06,84,YOLO,12,Sparse crowd
12:42:06,85,YOLO,11,Sparse crowd
12:42:06,86,YOLO,10,Sparse crowd
12:42:06,87,YOLO,9,Sparse crowd
12:42:06,88,YOLO,9,Sparse crowd
12:42:06,89,YOLO,6,Sparse crowd
12:42:06,90,YOLO,6,Sparse crowd
12:42:06,91,YOLO,5,Sparse crowd
12:42:06,92,YOLO,8,Sparse crowd
12:42:06,93,YOLO,7,Sparse crowd
12:42:06,94,YOLO,5,Sparse crowd
12:42:06,95,YOLO,7,Sparse crowd
12:42:06,96,YOLO,8,Sparse crowd
12:42:06,97,YOLO,8,Sparse crowd
12:42:06,98,YOLO,10,Sparse crowd
12:42:06,99,YOLO,13,Sparse crowd
12:42:06,100,YOLO,10,Sparse crowd
12:42:06,101,YOLO,12,Sparse crowd
12:42:06,102,YOLO,11,Sparse crowd
12:42:06,103,YOLO,15,Sparse crowd
12:42:06,104,YOLO,14,Sparse crowd
12:42:06,105,YOLO,15,Sparse crowd
12:42:06,106,YOLO,15,Sparse crowd
12:42:06,107,YOLO,16,Sparse crowd
12:42:06,108,YOLO,16,Sparse crowd
12:42:06,109,YOLO,17,Sparse crowd
12:42:06,110,YOLO,14,Sparse crowd
12:42:06,111,YOLO,19,Sparse crowd
12:42:06,112,YOLO,21,Sparse crowd
12:42:06,113,YOLO,19,Sparse crowd
12:42:06,114,YOLO,18,Sparse crowd
12:42:06,115,YOLO,16,Sparse crowd
12:42:06,116,YOLO,13,Sparse crowd
12:42:06,117,YOLO,14,Sparse crowd
12:42:06,118,YOLO,11,Sparse crowd
12:42:06,119,YOLO,18,Sparse crowd
12:42:06,120,YOLO,17,Sparse crowd
12:42:06,121,YOLO,18,Sparse crowd
12:42:06,122,YOLO,17,Sparse crowd
12:42:06,123,YOLO,17,Sparse crowd
12:42:06,124,YOLO,14,Sparse crowd
12:42:06,125,YOLO,17,Sparse crowd
12:42:06,126,YOLO,16,Sparse crowd
12:42:07,127,YOLO,17,Sparse crowd
12:42:07,128,YOLO,16,Sparse crowd
12:42:07,129,YOLO,15,Sparse crowd
12:42:07,130,YOLO,17,Sparse crowd
12:42:07,131,YOLO,17,Sparse crowd
12:42:07,132,YOLO,16,Sparse crowd
12:42:07,133,YOLO,16,Sparse crowd
12:42:07,134,YOLO,14,Sparse crowd
12:42:07,135,YOLO,20,Sparse crowd
12:42:07,136,YOLO,23,Sparse crowd
12:42:07,137,YOLO,23,Sparse crowd
12:42:07,138,YOLO,22,Sparse crowd
12:42:07,139,YOLO,22,Sparse crowd
12:42:07,140,YOLO,19,Sparse crowd
12:42:07,141,YOLO,21,Sparse crowd
12:42:07,142,YOLO,24,Sparse crowd
12:42:07,143,YOLO,23,Sparse crowd
12:42:07,144,YOLO,23,Sparse crowd
12:42:07,145,YOLO,27,Sparse crowd
12:42:07,146,YOLO,22,Sparse crowd
12:42:07,147,YOLO,17,Sparse crowd
12:42:07,148,YOLO,21,Sparse crowd
12:42:07,149,YOLO,22,Sparse crowd
12:42:07,150,YOLO,21,Sparse crowd
12:42:07,151,YOLO,27,Sparse crowd
12:42:07,152,YOLO,23,Sparse crowd
12:42:07,153,YOLO,22,Sparse crowd
12:42:07,154,YOLO,21,Sparse crowd
12:42:07,155,YOLO,19,Sparse crowd
12:42:07,156,YOLO,18,Sparse crowd
12:42:07,157,YOLO,15,Sparse crowd
12:42:07,158,YOLO,13,Sparse crowd
12:42:07,159,YOLO,10,Sparse crowd
12:42:07,160,YOLO,14,Sparse crowd
12:42:07,161,YOLO,13,Sparse crowd
12:42:07,162,YOLO,18,Sparse crowd
12:42:07,163,YOLO,22,Sparse crowd
12:42:07,164,YOLO,19,Sparse crowd
12:42:07,165,YOLO,24,Sparse crowd
12:42:07,166,YOLO,23,Sparse crowd
12:42:07,167,YOLO,29,Sparse crowd
12:42:07,168,YOLO,28,Sparse crowd
12:42:07,169,YOLO,27,Sparse crowd
12:42:07,170,YOLO,25,Sparse crowd
12:42:07,171,YOLO,25,Sparse crowd
12:42:07,172,YOLO,22,Sparse crowd
12:42:07,173,YOLO,22,Sparse crowd
12:42:08,174,YOLO,25,Sparse crowd
12:42:08,175,YOLO,26,Sparse crowd
12:42:08,176,YOLO,26,Sparse crowd
12:42:08,177,YOLO,22,Sparse crowd
12:42:08,178,YOLO,23,Sparse crowd
12:42:08,179,YOLO,21,Sparse crowd
12:42:08,180,YOLO,20,Sparse crowd
12:42:08,181,YOLO,18,Sparse crowd
12:42:08,182,YOLO,26,Sparse crowd
12:42:08,183,YOLO,25,Sparse crowd
12:42:08,184,YOLO,21,Sparse crowd
12:42:08,185,YOLO,27,Sparse crowd
12:42:08,186,YOLO,24,Sparse crowd
12:42:08,187,YOLO,25,Sparse crowd
12:42:08,188,YOLO,24,Sparse crowd
12:42:08,189,YOLO,24,Sparse crowd
12:42:08,190,YOLO,25,Sparse crowd
12:42:08,191,YOLO,26,Sparse crowd
12:42:08,192,YOLO,27,Sparse crowd
12:42:08,193,YOLO,24,Sparse crowd
12:42:08,194,YOLO,22,Sparse crowd
12:42:08,195,YOLO,21,Sparse crowd
12:42:08,196,YOLO,20,Sparse crowd
12:42:08,197,YOLO,22,Sparse crowd
12:42:08,198,YOLO,21,Sparse crowd
12:42:08,199,YOLO,23,Sparse crowd
12:42:08,200,YOLO,21,Sparse crowd
12:42:08,201,YOLO,20,Sparse crowd
12:42:08,202,YOLO,20,Sparse crowd
12:42:08,203,YOLO,19,Sparse crowd
12:42:08,204,YOLO,24,Sparse crowd
12:42:08,205,YOLO,22,Sparse crowd
12:42:08,206,YOLO,21,Sparse crowd
12:42:08,207,YOLO,21,Sparse crowd
12:42:08,208,YOLO,20,Sparse crowd
12:42:08,209,YOLO,22,Sparse crowd
12:42:08,210,YOLO,21,Sparse crowd
12:42:08,211,YOLO,19,Sparse crowd
12:42:08,212,YOLO,21,Sparse crowd
12:42:08,213,YOLO,17,Sparse crowd
12:42:08,214,YOLO,13,Sparse crowd
12:42:08,215,YOLO,17,Sparse crowd
12:42:08,216,YOLO,15,Sparse crowd
12:42:08,217,YOLO,16,Sparse crowd
12:42:08,218,YOLO,12,Sparse crowd
12:42:08,219,YOLO,10,Sparse crowd
12:42:09,220,YOLO,12,Sparse crowd
12:42:09,221,YOLO,12,Sparse crowd
12:42:09,222,YOLO,14,Sparse crowd
12:42:09,223,YOLO,12,Sparse crowd
12:42:09,224,YOLO,12,Sparse crowd
12:42:09,225,YOLO,9,Sparse crowd
12:42:09,226,YOLO,7,Sparse crowd
12:42:09,227,YOLO,10,Sparse crowd
12:42:09,228,YOLO,8,Sparse crowd
12:42:09,229,YOLO,11,Sparse crowd
12:42:09,230,YOLO,10,Sparse crowd
12:42:09,231,YOLO,5,Sparse crowd
12:42:09,232,YOLO,5,Sparse crowd
12:42:09,233,YOLO,5,Sparse crowd
12:42:09,234,YOLO,9,Sparse crowd
12:42:09,235,YOLO,9,Sparse crowd
12:42:09,236,YOLO,10,Sparse crowd
12:42:09,237,YOLO,11,Sparse crowd
12:42:09,238,YOLO,11,Sparse crowd
12:42:09,239,YOLO,12,Sparse crowd
